v_mean_m_per_s,p_from_bar,p_to_bar,t_from_k,t_to_k,mdot_from_kg_per_s,mdot_to_kg_per_s,vdot_norm_m3_per_s,reynolds,lambda,deltat_k,qext_w
0,9.355715609,7.798439282,,,0,0,0,0,0.017348165,0,0
0.259500405,9.900743527,7.154455731,382.7006576,313.15,0.378556245,-0.378556245,0.000378602,30615.21891,0.019438629,-0.010422561,119112.5
0.280070898,8.93981075,8.215762099,381.8887392,313.15,0.408564247,-0.408564247,0.000408613,33042.07505,0.01928509,-0.119196868,128554.5002
0.200991491,9.108228405,8.045755354,382.1327159,313.15,0.293204105,-0.293204105,0.000293239,23712.48127,0.020047166,-0.015092616,92256.49942
0.265071124,9.498590151,7.663838151,380.9578203,313.15,0.386682747,-0.386682747,0.000386729,31272.43869,0.019394696,-0.023273115,121669.4992
0.244064906,9.498123828,7.664432643,380.8522183,313.15,0.356039115,-0.356039115,0.000356082,28794.1768,0.019570837,-1.963731974,112027.4983
0.070832253,9.428799993,7.720566181,382.6572583,313.15,0.103329286,-0.103329286,0.000103342,8356.614808,0.025006769,-0.009641273,32512.49924
0.247851344,9.354743243,7.799504363,381.7350742,313.15,0.361562728,-0.361562728,0.000361606,29240.89143,0.019536881,-20,113765.4998
0.352615544,9.133534505,8.019956655,382.1503019,313.15,0.514391553,-0.514391553,0.000514453,41600.71383,0.0188866,-0.01348825,161853
0.202921742,9.049136945,8.104585811,382.3808388,313.15,0.296019934,-0.296019934,0.000296055,23940.20762,0.020021492,-20,93142.49847
0.31325667,8.611602819,8.549885385,382.103207,313.15,0.456975275,-0.456975275,0.00045703,36957.25078,0.019079896,-0.004876963,143787.0017
0.409412064,9.803774455,7.309163951,382.9531972,313.15,0.597245673,-0.597245673,0.000597317,48301.4275,0.018673178,-0.006220564,187923
0.360934586,9.798008347,7.321906337,382.967323,313.15,0.526527278,-0.526527278,0.00052659,42582.17398,0.018851142,-0.050853387,165671.4987
0.318683605,9.354769023,7.79875089,382.164381,313.15,0.464892026,-0.464892026,0.000464948,37597.50722,0.019050406,-0.001333243,146278.0029
0.386475595,9.354841167,7.798667548,382.1666867,313.15,0.563786211,-0.563786211,0.000563854,45595.43925,0.018751814,-0.000498671,177395
0.059255089,9.531298556,7.580037489,382.5346548,313.15,0.086440651,-0.086440651,8.65E-05,6990.769495,0.026503094,-0.002550836,27198.5
0.399547294,9.035882152,8.119014181,382.2234032,313.15,0.582855057,-0.582855057,0.000582925,47137.60615,0.018705892,-0.058476366,183395.0013
0.240422261,9.108224565,8.045759617,382.1330138,313.15,0.350725265,-0.350725265,0.000350767,28364.42648,0.019604513,-0.085291303,110355.4987
0.123624477,9.00922717,8.14765156,382.0534538,313.15,0.180341984,-0.180341984,0.000180364,14584.91146,0.021736262,-0.009696067,56744.49924
0.170482153,9.009337231,8.147521345,382.0579328,313.15,0.24869743,-0.24869743,0.000248727,20113.06473,0.020530177,-20,78252.50018
0.029399334,8.945113833,8.210010992,379.0593039,313.15,0.042887415,-0.042887415,4.29E-05,3468.46109,0.035800153,-20,13494.5
3.025994195,9.544987784,7.619106236,382.4028499,313.0589739,4.414285986,-4.414285986,0.004414815,356999.346,0.017527437,-0.034293715,1388952.492
0.25349396,9.300312388,7.844299957,382.1420848,313.15,0.369794112,-0.369794112,0.000369838,29906.59338,0.019488162,-0.083821564,116355.5
0.050790076,9.257907725,7.891021448,381.4999388,313.15,0.074091986,-0.074091986,7.41E-05,5992.088138,0.028028916,-0.035724814,23313
0.747556151,9.564446882,7.511765019,380.4810851,313.15,1.090526428,-1.090526428,0.001090657,88194.83443,0.018073831,-20,343133.5
0.270423985,9.640687989,7.432444475,380.1981206,313.15,0.394491441,-0.394491441,0.000394539,31903.95609,0.019354186,-1.965921419,124126.5
0.020934322,9.532896393,7.578096454,381.1712955,313.15,0.030538751,-0.030538751,3.05E-05,2469.779733,0.043261407,-0.185023658,9609
0.04632936,9.467244154,7.665959723,382.5076,313.15,0.067584744,-0.067584744,6.76E-05,5465.823802,0.029057288,-20,21265.5
0.016930025,9.532511804,7.578562032,380.3807665,313.15,0.024697329,-0.024697329,2.47E-05,1997.362713,0.049390418,69.55065762,7771
0.037864347,9.530448143,7.580968775,382.0110313,313.15,0.05523608,-0.05523608,5.52E-05,4467.142446,0.031674997,68.7387392,17380
0.025395038,9.529809629,7.58173075,381.194846,313.15,0.037045993,-0.037045993,3.71E-05,2996.044069,0.038709667,68.9827159,11656.5
0.020934322,9.529453271,7.582163421,382.0518475,313.15,0.030538751,-0.030538751,3.05E-05,2469.779733,0.043261407,67.80782034,9609
0.016930025,9.529224326,7.582446708,381.7148089,313.15,0.024697329,-0.024697329,2.47E-05,1997.362713,0.049390418,67.70221825,7771
0.025395038,9.52892524,7.582823247,381.9531381,313.15,0.037045993,-0.037045993,3.71E-05,2996.044069,0.038709667,69.50725829,11656.5
0.111227064,9.470108226,7.662306957,382.4353656,313.15,0.162256779,-0.162256779,0.000162276,13122.29524,0.022225361,68.5850742,51054.00018
0.025395038,9.443351321,7.694475535,378.3065626,313.15,0.037045993,-0.037045993,3.71E-05,2996.044069,0.038709667,69.00030191,11656.5
3.504764697,9.626407567,7.489470198,383.0083299,313.15,5.11271096,-5.11271096,0.005113324,413483.5112,0.017502948,69.23083882,1608711.5
0.5065315,9.457370249,7.758957618,380.7794463,313.15,0.738922403,-0.738922403,0.000739011,59759.33944,0.018419128,68.95320696,232501.5
0.46020214,9.442013199,7.71108446,381.6947477,313.15,0.671337659,-0.671337659,0.000671418,54293.51563,0.018526943,69.80319724,211236
0.292540207,9.485857892,7.65885504,382.3907291,313.15,0.426754333,-0.426754333,0.000426805,34513.17343,0.01920253,69.81732298,134278.0002
0.257498256,9.43934557,7.704287135,382.435862,313.15,0.375635534,-0.375635534,0.000375681,30379.0104,0.019454883,69.01438103,118193.5
0.706412971,9.256072871,7.887020847,382.9710433,313.15,1.030507224,-1.030507224,0.001030631,83340.8633,0.018116096,69.01668673,324248.4926
0.025395038,9.532644471,7.578398435,380.6025786,313.15,0.037045993,-0.037045993,3.71E-05,2996.044069,0.038709667,69.38465484,11656.5
0.477132166,9.550030423,7.663744734,380.6364271,313.15,0.696034988,-0.696034988,0.000696118,56290.87835,0.018485117,69.07340318,219007
0.109588745,9.466008277,7.67517625,382.1258188,313.15,0.159866817,-0.159866817,0.000159886,12929.01032,0.022298273,68.98301379,50302
0.134983783,9.467273846,7.673699564,382.7139139,313.15,0.19691281,-0.19691281,0.000196936,15925.05439,0.02136699,68.90345381,61958.5
0.050790076,9.494970971,7.659519725,382.0743158,313.15,0.074091986,-0.074091986,7.41E-05,5992.088138,0.028028916,68.90793284,23313
0.342148383,9.574399304,7.637565424,380.8964587,313.15,0.499122178,-0.499122178,0.000499182,40365.82396,0.018933665,65.9093039,157048.5
0.343330283,9.559113643,7.65391543,380.8624283,313.15,0.500846319,-0.500846319,0.000500906,40505.26157,0.018928207,69.25284989,157591.0002
0.04632936,9.467208951,7.666001305,382.5110347,313.15,0.067584744,-0.067584744,6.76E-05,5465.823802,0.029057288,68.99208476,21265.5
0.364721024,9.773512352,7.292991121,382.9771851,313.15,0.532050891,-0.532050891,0.000532115,43028.88861,0.018835538,68.34993884,167409.5002
0.020934322,9.444228104,7.693417234,381.1158457,313.15,0.030538751,-0.030538751,3.05E-05,2469.779733,0.043261407,67.33108511,9609
0.025395038,9.444331059,7.69329781,377.6267987,313.15,0.037045993,-0.037045993,3.71E-05,2996.044069,0.038709667,67.04812064,11656.5
0.025395038,9.443518156,7.694265258,378.5064418,313.15,0.037045993,-0.037045993,3.71E-05,2996.044069,0.038709667,68.02129552,11656.5
0.029399334,9.561983736,7.564351127,382.6371732,313.15,0.042887415,-0.042887415,4.29E-05,3468.46109,0.035800153,69.35760004,13494.5
0.371547717,9.534310278,7.576487848,382.1368006,313.15,0.542009593,-0.542009593,0.000542075,43834.28505,0.01880821,67.23076651,170543
0.016930025,9.6267859,7.468771691,382.9026586,313.15,0.024697329,-0.024697329,2.47E-05,1997.362713,0.049390418,68.86103128,7771
0.442090215,9.78112763,7.28561172,382.9645426,313.15,0.644916188,-0.644916188,0.000644993,52156.71531,0.018575236,68.04484595,202922.4998
0.029399334,9.621027154,7.475366769,380.5403991,313.15,0.042887415,-0.042887415,4.29E-05,3468.46109,0.035800153,68.90184746,13494.5
0.016930025,9.621138286,7.475192241,380.9859582,313.15,0.024697329,-0.024697329,2.47E-05,1997.362713,0.049390418,68.56480885,7771
0.020934322,9.620109443,7.476253375,380.9075735,313.15,0.030538751,-0.030538751,3.05E-05,2469.779733,0.043261407,68.8031381,9609
0.020934322,9.620109674,7.476252833,382.0006435,313.15,0.030538751,-0.030538751,3.05E-05,2469.779733,0.043261407,69.28536563,9609
0.025395038,9.618753482,7.477815669,380.8122276,313.15,0.037045993,-0.037045993,3.71E-05,2996.044069,0.038709667,65.1565626,11656.5
0.042325063,9.583993515,7.520080061,381.0025781,313.15,0.061743322,-0.061743322,6.18E-05,4993.406782,0.030165066,69.85832989,19427.5
0.339325986,9.652666882,7.438674609,382.8895581,313.15,0.495004898,-0.495004898,0.000495064,40032.84455,0.018946853,67.62944633,155753.0002
0.029399334,9.443518304,7.694264845,379.8357548,313.15,0.042887415,-0.042887415,4.29E-05,3468.46109,0.035800153,68.5447477,13494.5
0.376008434,9.39792666,7.742408267,382.5704259,313.15,0.548516835,-0.548516835,0.000548583,44360.54939,0.018790889,69.24072906,172590.5
0.657263425,9.484511957,7.659490753,382.8206224,313.15,0.958808424,-0.958808424,0.000958923,77542.32089,0.018173521,69.28586205,301688.5074
0.368725321,9.484987212,7.659150692,382.4752332,313.15,0.537892313,-0.537892313,0.000537957,43501.30564,0.018819385,69.82104329,169247.5002
0.033860051,9.443067627,7.694862288,380.5559232,313.15,0.049394658,-0.049394658,4.94E-05,3994.725425,0.033369291,67.45257859,15542
0.020934322,9.443068207,7.694861728,375.9094689,313.15,0.030538751,-0.030538751,3.05E-05,2469.779733,0.043261407,67.48642714,9609
0.020934322,9.443104083,7.694807543,381.0045624,313.15,0.030538751,-0.030538751,3.05E-05,2469.779733,0.043261407,68.9758188,9609
0.197061268,9.483497849,7.729113152,378.7775709,313.15,0.287470741,-0.287470741,0.000287505,23248.8033,0.020100995,69.5639139,90452.49982
0.346152679,9.760556623,7.306973797,382.8612896,313.15,0.5049636,-0.5049636,0.000505024,40838.24098,0.018915324,68.92431576,158886.5
0.440449718,9.760927611,7.306546061,382.8977091,313.15,0.64252305,-0.64252305,0.0006426,51963.17351,0.018579807,67.74645869,202169.5002
0.297000923,9.76351971,7.303708176,382.6967858,313.15,0.433261575,-0.433261575,0.000433314,35039.43776,0.019174679,67.71242833,136325.5002
0.303827616,9.457963838,7.680344816,382.6281297,313.15,0.443220278,-0.443220278,0.000443273,35844.8342,0.019133639,69.36103471,139459
0.167661934,9.458187021,7.67996451,382.5057802,313.15,0.244583326,-0.244583326,0.000244613,19780.34221,0.020583701,69.8271851,76957.99982
0.41505468,9.479522745,7.665551231,382.7559169,313.15,0.605477057,-0.605477057,0.00060555,48967.12944,0.018655164,67.96584565,190513.0002
0.647614302,9.727071876,7.350434518,382.9947162,313.15,0.944732393,-0.944732393,0.000944846,76403.94112,0.018185818,64.47679871,297259.4926
0.475950266,9.502247241,7.662828305,382.9452411,313.15,0.694310846,-0.694310846,0.000694394,56151.44074,0.01848794,65.35644177,218464.4998
1.14003819,9.58532139,7.579462302,382.5358182,313.15,1.663074772,-1.663074772,0.001663274,134498.8992,0.017824006,69.48717321,523285.5
0.12815709,9.59936596,7.573517224,382.5467134,313.15,0.186954108,-0.186954108,0.000186977,15119.65795,0.021581065,68.98680062,58825.00018
0.575889904,9.568793743,7.643365988,380.8699323,313.15,0.840101656,-0.840101656,0.000840202,67942.07325,0.018290144,69.7526586,264337.4926
0.229280822,9.474738521,7.656904943,382.7677162,313.15,0.33447226,-0.33447226,0.000334512,27049.98691,0.019714155,69.81454261,105241.5002
0.020934322,9.624278939,7.471624383,382.7860722,313.15,0.030538751,-0.030538751,3.05E-05,2469.779733,0.043261407,67.39039907,9609
0.384473446,9.503242875,7.64253152,382.654914,313.15,0.5608655,-0.5608655,0.000560933,45359.23074,0.018759124,67.83595823,176476
0.04632936,9.443565423,7.694207121,380.9281915,313.15,0.067584744,-0.067584744,6.76E-05,5465.823802,0.029057288,67.75757353,21265.5
0.033860051,9.562710371,7.563338905,382.7121587,313.15,0.049394658,-0.049394658,4.94E-05,3994.725425,0.033369291,68.85064353,15542
0.029399334,9.44325417,7.694600969,380.4206494,313.15,0.042887415,-0.042887415,4.29E-05,3468.46109,0.035800153,67.66222761,13494.5
0.020934322,9.443254253,7.694600837,379.9105816,313.15,0.030538751,-0.030538751,3.05E-05,2469.779733,0.043261407,67.85257808,9609
0.029399334,9.4432061,7.694665674,378.7601293,313.15,0.042887415,-0.042887415,4.29E-05,3468.46109,0.035800153,69.73955809,13494.5
0.020934322,9.443090157,7.694828038,379.2634054,313.15,0.030538751,-0.030538751,3.05E-05,2469.779733,0.043261407,66.68575476,9609
0.020934322,9.443068619,7.69486076,377.759814,313.15,0.030538751,-0.030538751,3.05E-05,2469.779733,0.043261407,69.42042595,9609
0.008465013,9.443066425,7.694864954,373.1802969,313.15,0.012348664,-0.012348664,1.24E-05,998.6813564,0.08143267,69.67062238,3885.5
0.037864347,9.441913718,7.69639059,380.199158,313.15,0.05523608,-0.05523608,5.52E-05,4467.142446,0.031674997,69.32523321,17380
0.020934322,9.534636144,7.576074554,381.1674649,313.15,0.030538751,-0.030538751,3.05E-05,2469.779733,0.043261407,67.40592315,9609
0.020934322,9.534046975,7.576753922,378.4164966,313.15,0.030538751,-0.030538751,3.05E-05,2469.779733,0.043261407,62.75946892,9609
0.016930025,9.533687935,7.57716958,377.1814378,313.15,0.024697329,-0.024697329,2.47E-05,1997.362713,0.049390418,67.8545624,7771
0.025395038,9.533241268,7.577689422,380.3585431,313.15,0.037045993,-0.037045993,3.71E-05,2996.044069,0.038709667,65.62757093,11656.5
0.020934322,9.533241617,7.577688678,380.7400609,313.15,0.030538751,-0.030538751,3.05E-05,2469.779733,0.043261407,69.71128963,9609
0.020934322,9.532896274,7.578096732,380.614248,313.15,0.030538751,-0.030538751,3.05E-05,2469.779733,0.043261407,69.74770915,9609
1.064309496,9.725778305,7.351790279,383.0238417,313.15,1.552602613,-1.552602613,0.001552789,125564.6143,0.017857863,69.54678584,488525.5
0.703592785,9.584494548,7.562313616,382.9341097,313.15,1.026393168,-1.026393168,0.001026516,83008.14469,0.018119174,69.47812973,322954.0074
0.290176407,9.535866612,7.574799508,382.930081,313.15,0.42330605,-0.42330605,0.000423357,34234.29822,0.019217635,69.3557802,133192.9998
0.130979486,9.484431745,7.665782227,382.3849693,313.15,0.191071388,-0.191071388,0.000191094,15452.63737,0.021489853,69.60591692,60120.5
0.025395038,9.45162094,7.685267437,381.1520983,313.15,0.037045993,-0.037045993,3.71E-05,2996.044069,0.038709667,69.84471619,11656.5
0.285715691,9.518904188,7.697510646,380.5186465,313.15,0.416798807,-0.416798807,0.000416849,33708.03388,0.019246822,69.79524114,131145.4998
0.317935245,9.524235936,7.617328421,382.2106629,313.15,0.463800326,-0.463800326,0.000463856,37509.2175,0.019054412,69.38581824,145934.5002
0.330860974,9.524480199,7.617043953,382.5897783,313.15,0.482656233,-0.482656233,0.000482714,39034.16319,0.018987755,69.39671339,151867.5002
0.382835127,9.524364242,7.617172127,382.6781522,313.15,0.558475538,-0.558475538,0.000558542,45165.94582,0.018765162,67.71993229,175723.9998
0.245028947,9.548846348,7.607400386,382.3142939,313.15,0.357445447,-0.357445447,0.000357488,28907.91202,0.019562092,69.61771619,112470
0.796707924,9.549002348,7.607327315,382.9348288,313.15,1.162228477,-1.162228477,0.001162368,93993.63961,0.018029062,69.63607224,365694.5074
0.233741538,9.540812272,7.61257232,382.5547219,313.15,0.340979503,-0.340979503,0.00034102,27576.25125,0.019669003,69.50491403,107289.0002
0.351795295,9.540788645,7.612598847,382.599242,313.15,0.513194984,-0.513194984,0.000513256,41503.94292,0.018890187,67.77819147,161476.5002
1.756614855,9.521695511,7.624503949,382.9000937,313.15,2.562529812,-2.562529812,0.002562837,207241.0963,0.017656984,69.56215872,806298.5
0.273246382,9.574668782,7.531263758,382.6496491,313.15,0.398608721,-0.398608721,0.000398656,32236.9355,0.019333466,67.27064942,125421.9998
0.447732831,9.470421298,7.669160487,382.8217811,313.15,0.653147573,-0.653147573,0.000653226,52822.41726,0.018559772,66.76058156,205512.5
0.776955485,9.455165446,7.700335564,382.180623,313.15,1.133413844,-1.133413844,0.00113355,91663.29552,0.018046373,65.61012933,356628
0.292540207,9.458015326,7.680468573,381.9219918,313.15,0.426754333,-0.426754333,0.000426805,34513.17343,0.01920253,66.11340537,134278.0002
1.491833502,9.455854073,7.695364487,381.7294881,313.15,2.17626978,-2.17626978,0.002176531,176002.8441,0.017711796,64.609814,684762.0078
0.04632936,9.44624797,7.691113137,381.2800788,313.15,0.067584744,-0.067584744,6.76E-05,5465.823802,0.029057288,60.03029694,21265.5
0.029399334,9.445151168,7.692360337,381.7446406,313.15,0.042887415,-0.042887415,4.29E-05,3468.46109,0.035800153,67.04915797,13494.5
0.033860051,9.445134292,7.692387558,379.7199298,313.15,0.049394658,-0.049394658,4.94E-05,3994.725425,0.033369291,68.01746486,15542
0.353435792,9.169975063,7.98207453,382.5179173,313.15,0.515588122,-0.515588122,0.00051565,41697.48473,0.01888303,65.26649656,162229.4998
0.339325986,9.484814591,7.726991925,379.0060012,313.15,0.495004898,-0.495004898,0.000495064,40032.84455,0.018946853,64.03143777,155753.0002
1.928281068,9.024132097,8.130996904,382.4691111,313.15,2.812954536,-2.812954536,0.002813292,227493.8536,0.017629491,67.20854305,885094.4922
0.453375447,9.094474028,8.060206904,382.4587792,313.15,0.661378957,-0.661378957,0.000661458,53488.1192,0.018544693,67.59006085,208102.5002
0.605289239,9.000023375,8.157174201,382.0384796,313.15,0.882989071,-0.882989071,0.000883095,71410.53434,0.018244392,67.464248,277831.9926
0.115231361,8.464396878,8.701454504,382.0579299,313.15,0.168098201,-0.168098201,0.000168118,13594.71226,0.022055878,69.87384166,52892.00018
0.486779078,8.872215762,8.285082411,382.3599167,313.15,0.710107794,-0.710107794,0.000710193,57428.99731,0.018462585,69.78410968,223435.0002
0.42634209,8.86753287,8.292333375,382.1681876,313.15,0.621943001,-0.621943001,0.000622018,50298.79021,0.018620562,69.780081,195694
0.562964175,8.898869694,8.261671201,382.0304326,313.15,0.821245749,-0.821245749,0.000821344,66417.12756,0.018311772,69.23496926,258404.4926
0.456197844,8.937547625,8.221234268,382.0773456,313.15,0.665496237,-0.665496237,0.000665576,53821.09861,0.01853729,68.00209835,209398
0.408230165,8.936428301,8.222440138,382.073079,313.15,0.595521531,-0.595521531,0.000595593,48161.98989,0.018677014,67.36864645,187380.4998
0.327220506,9.148002899,8.006738491,382.4038626,313.15,0.47734556,-0.47734556,0.000477403,38604.66976,0.019005996,69.06066291,150196.5
0.408230165,8.817093091,8.345282118,382.0169905,313.15,0.595521531,-0.595521531,0.000595593,48161.98989,0.018677014,69.43977829,187380.4998
0.406589668,8.842674906,8.318307059,381.9596565,313.15,0.593128392,-0.593128392,0.000593199,47968.44808,0.018682376,69.52815216,186627.5002
0.309470232,8.380461058,8.785998488,382.118067,313.15,0.451451662,-0.451451662,0.000451506,36510.53614,0.019101084,69.16429393,142049.0002
0.443272115,9.083295523,8.072909561,382.4213055,313.15,0.64664033,-0.64664033,0.000646718,52296.15292,0.018571965,69.78482878,203465
0.04632936,9.584569569,7.519341865,378.220678,313.15,0.067584744,-0.067584744,6.76E-05,5465.823802,0.029057288,69.4047219,21265.5
0.067720101,9.470369889,7.661991296,382.625119,313.15,0.098789315,-0.098789315,9.88E-05,7989.450851,0.025358728,69.44924202,31084
1.69335547,9.054070495,8.100586944,382.409675,313.15,2.47024774,-2.47024774,0.002470544,199777.9098,0.017668521,69.75009365,777262
0.481592882,8.759213691,8.399578896,381.4742813,313.15,0.70254223,-0.70254223,0.000702626,56817.14268,0.018474586,69.49964912,221054.5
1.000593691,8.878210635,8.279305952,381.7184892,313.15,1.45965472,-1.45965472,0.00145983,118047.5805,0.017890319,69.67178112,459279.5
0.203885784,8.913350747,8.241943449,382.4041045,313.15,0.297426267,-0.297426267,0.000297462,24053.94284,0.020008852,69.030623,93585.00018
0.871252508,8.784820337,8.372392538,382.3057014,313.15,1.27097327,-1.27097327,0.001271126,102788.2261,0.017970805,68.77199184,399910.9926
0.780959782,8.751658338,8.406084066,382.2988285,313.15,1.139255266,-1.139255266,0.001139392,92135.71254,0.018042793,68.57948806,358466
1.477725857,9.31830751,7.833530303,382.0329531,313.15,2.155689708,-2.155689708,0.002155948,174338.4588,0.017715267,68.13007882,678286.5
0.839032987,9.521790395,7.623831917,382.9250566,313.15,1.223971799,-1.223971799,0.001224118,98987.04639,0.017994714,68.59464057,385122.0074
0.313930948,8.911592529,8.249346751,381.8922483,313.15,0.457958904,-0.457958904,0.000458014,37036.80048,0.019076176,66.56992979,144096.5002
0.482774782,8.860256952,8.299704943,382.1021482,313.15,0.704266372,-0.704266372,0.000704351,56956.58029,0.018471828,69.3679173,221597.0002
0.332045051,8.863189763,8.296615028,382.1018368,313.15,0.484383551,-0.484383551,0.000484442,39173.85768,0.018981908,65.85600123,152410.9998
0.529104141,8.882822918,8.276938972,381.7093612,313.15,0.771851116,-0.771851116,0.000771944,62422.40409,0.018373438,69.31911109,242862.5002
0.63350669,9.476731187,7.673005767,382.6190496,313.15,0.924152369,-0.924152369,0.000924263,74739.55978,0.018204472,69.3087792,290784
0.101123732,8.500852585,8.662826648,381.8513029,313.15,0.147518152,-0.147518152,0.000147536,11930.32896,0.022712644,68.88847964,46416.5
0.396942755,8.98476834,8.171789493,382.3134921,313.15,0.579055586,-0.579055586,0.000579125,46830.32912,0.018714801,68.90792993,182199.5
0.142266896,9.431643133,7.721409091,381.858638,313.15,0.207537333,-0.207537333,0.000207562,16784.29814,0.021161253,69.20991667,65301.49982
0.374370114,8.891485902,8.267728279,381.6269424,313.15,0.546126873,-0.546126873,0.000546192,44167.26446,0.018797202,69.01818757,171838.4998
0.361900805,8.869723742,8.289918269,382.120086,313.15,0.527936787,-0.527936787,0.000528,42696.16609,0.018847129,68.88043258,166114.9998
0.229280822,8.878056842,8.282527756,381.7178965,313.15,0.33447226,-0.33447226,0.000334512,27049.98691,0.019714155,68.92734559,105241.5002
0.391300139,8.945247508,8.21239007,382.2785016,313.15,0.570824202,-0.570824202,0.000570893,46164.62718,0.018734508,68.92307899,179609.4998
0.074546794,9.701943789,7.378829926,382.6554908,313.15,0.108748017,-0.108748017,0.000108761,8794.847286,0.024625153,69.25386258,34217.49982
0.619399078,8.911049281,8.249402589,381.916276,313.15,0.903572345,-0.903572345,0.000903681,73075.17844,0.018223976,68.86699048,284308.5074
0.758843577,8.805601366,8.351700131,382.3853244,313.15,1.106992397,-1.106992397,0.001107125,89526.49717,0.018063037,68.80965646,348314.5074
0.143448795,9.43314718,7.719667467,381.8962587,313.15,0.209261474,-0.209261474,0.000209287,16923.73574,0.021129836,68.96806703,65844
0.436445422,8.981805014,8.175162767,382.215621,313.15,0.636681628,-0.636681628,0.000636758,51490.75649,0.018591107,69.27130551,200331.5002
0.464662857,9.092844873,8.06075659,382.4519995,313.15,0.677844901,-0.677844901,0.000677926,54819.77997,0.018515627,65.070678,213283.5
0.059255089,9.309197073,7.834353785,382.1390917,313.15,0.086440651,-0.086440651,8.65E-05,6990.769495,0.026503094,69.475119,27198.5
0.562964175,9.34233985,7.812482807,381.1275721,313.15,0.821245749,-0.821245749,0.000821344,66417.12756,0.018311772,69.25967499,258404.4926
0.309470232,9.897131807,7.145996304,382.9047889,313.15,0.451451662,-0.451451662,0.000451506,36510.53614,0.019101084,68.32428128,142049.0002
0.448914731,9.448733127,7.767970513,380.7829297,313.15,0.654871714,-0.654871714,0.00065495,52961.85486,0.018556582,68.56848917,206055.0002
0.697947958,9.50412153,7.657112068,382.915774,313.15,1.018158559,-1.018158559,0.001018281,82342.18194,0.01812541,69.25410448,320362.9926
0.17330455,9.613229757,7.620790667,380.6537961,313.15,0.25281471,-0.25281471,0.000252845,20446.04415,0.020478355,69.15570144,79548
0.453375447,9.448766017,7.767935218,380.7829988,313.15,0.661378957,-0.661378957,0.000661458,53488.1192,0.018544693,69.14882855,208102.5002
0.339325986,8.271247798,8.899919788,382.0037242,313.15,0.495004898,-0.495004898,0.000495064,40032.84455,0.018946853,68.88295307,155753.0002
0.902292372,9.375405372,7.765126179,382.6002954,313.15,1.316253872,-1.316253872,0.001316412,106450.2329,0.017949385,69.77505663,414158.5074
0.562964175,9.504980742,7.671404409,382.9500356,313.15,0.821245749,-0.821245749,0.000821344,66417.12756,0.018311772,68.74224834,258404.4926
0.485597178,9.675077191,7.426912112,383.0349229,313.15,0.708383652,-0.708383652,0.000708469,57289.5597,0.018465297,68.9521482,222892.5
1.879129329,9.586575693,7.575891143,382.9112231,313.15,2.741252536,-2.741252536,0.002741581,221695.0523,0.01763685,68.95183684,862533.5
0.730626126,9.586553027,7.575939596,382.7967268,313.15,1.0658291,-1.0658291,0.001065957,86197.47172,0.018090646,68.55936119,335362.5
0.422337793,8.437286871,8.728154561,382.0556976,313.15,0.616101579,-0.616101579,0.000616175,49826.37319,0.018632626,69.46904962,193856
0.308288332,9.581601974,7.626747216,380.5447972,313.15,0.44972752,-0.44972752,0.000449781,36371.09853,0.019107804,68.7013029,141506.5
0.561782292,8.404409682,8.762705063,382.0189208,313.15,0.819521632,-0.819521632,0.00081962,66277.69191,0.018313799,69.1634921,257862
0.502527204,9.501033381,7.714249708,380.6946568,313.15,0.733080981,-0.733080981,0.000733169,59286.92242,0.018427661,68.70863802,230663.5
0.459020241,9.505224992,7.70970144,380.774345,313.15,0.669613517,-0.669613517,0.000669694,54154.07803,0.018529978,68.47694236,210693.4998
0.246210847,9.590292908,7.617428559,380.5717523,313.15,0.359169589,-0.359169589,0.000359213,29047.34963,0.019551464,68.97008598,113012.5002
0.04632936,9.251278095,7.89613144,381.7577506,313.15,0.067584744,-0.067584744,6.76E-05,5465.823802,0.029057288,68.56789653,21265.5
0.025395038,9.294898692,7.849879376,381.8071802,313.15,0.037045993,-0.037045993,3.71E-05,2996.044069,0.038709667,69.12850165,11656.5
0.042325063,9.294626591,7.850221791,381.802765,313.15,0.061743322,-0.061743322,6.18E-05,4993.406782,0.030165066,69.50549081,19427.5
0.305465936,8.335440414,8.832871253,382.1001016,313.15,0.44561024,-0.44561024,0.000445664,36038.11912,0.019124063,68.76627598,140211.0002
0.516634832,9.442242034,7.771026907,380.3928008,313.15,0.75366103,-0.75366103,0.000753751,60951.30571,0.018398184,69.2353244,237139.0002
0.025395038,9.527439363,7.584986708,381.8920381,313.15,0.037045993,-0.037045993,3.71E-05,2996.044069,0.038709667,68.74625872,11656.5
0.063259385,9.286142952,7.859702995,381.8050361,313.15,0.092282073,-0.092282073,9.23E-05,7463.186515,0.025923591,69.06562097,29036.5
0.408230165,9.640668507,7.432523243,379.2423949,313.15,0.595521531,-0.595521531,0.000595593,48161.98989,0.018677014,69.30199954,187380.4998
0.04632936,9.264193057,7.883694113,381.744734,313.15,0.067584744,-0.067584744,6.76E-05,5465.823802,0.029057288,68.9890917,21265.5
0.042325063,9.597291834,7.615708333,380.1370581,313.15,0.061743322,-0.061743322,6.18E-05,4993.406782,0.030165066,67.97757206,19427.5
0.194238871,9.301935267,7.851175784,382.1816962,313.15,0.283353461,-0.283353461,0.000283387,22915.82388,0.020140995,69.75478886,89157
0.215173193,9.495192057,7.715528389,379.9778329,313.15,0.313892212,-0.313892212,0.00031393,25385.60361,0.019869279,67.63292968,98766
0.076185114,9.284145625,7.861930254,381.8725677,313.15,0.11113798,-0.11113798,0.000111151,8988.132207,0.024468666,69.76577405,34969.5
0.054794372,9.257026584,7.892051157,381.5571292,313.15,0.079933408,-0.079933408,7.99E-05,6464.505159,0.027248382,67.50379613,25151
0.063259385,9.31836507,7.824910138,382.2080503,313.15,0.092282073,-0.092282073,9.23E-05,7463.186515,0.025923591,67.63299881,29036.5
0.054794372,9.29428408,7.851050863,381.9035329,313.15,0.079933408,-0.079933408,7.99E-05,6464.505159,0.027248382,68.85372418,25151
0.037864347,9.324030331,7.81866865,382.2620796,313.15,0.05523608,-0.05523608,5.52E-05,4467.142446,0.031674997,69.45029542,17380
0.020934322,8.512413607,8.650298456,382.1432249,313.15,0.030538751,-0.030538751,3.05E-05,2469.779733,0.043261407,69.8000356,9609
0.042325063,9.287383414,7.858383198,381.7398798,313.15,0.061743322,-0.061743322,6.18E-05,4993.406782,0.030165066,69.88492293,19427.5
0.403769448,9.305018831,7.838698925,382.1770382,313.15,0.589014288,-0.589014288,0.000589085,47635.72555,0.018691695,69.76122315,185332.9998
0.050790076,9.299206358,7.845590199,381.9559209,313.15,0.074091986,-0.074091986,7.41E-05,5992.088138,0.028028916,69.64672683,23313
0.029399334,9.259358935,7.889299074,381.5113416,313.15,0.042887415,-0.042887415,4.29E-05,3468.46109,0.035800153,68.90569762,13494.5
0.04632936,9.258590987,7.890239186,381.597137,313.15,0.067584744,-0.067584744,6.76E-05,5465.823802,0.029057288,67.39479724,21265.5
0.050790076,9.257690754,7.891384093,381.5936239,313.15,0.074091986,-0.074091986,7.41E-05,5992.088138,0.028028916,68.8689208,23313
0.774133072,9.709525191,7.359608542,382.8938696,313.15,1.129296539,-1.129296539,0.001129432,91330.31415,0.018048918,67.54465679,355332.4926
0.029399334,9.290416646,7.854727869,381.8636708,313.15,0.042887415,-0.042887415,4.29E-05,3468.46109,0.035800153,67.62434495,13494.5
0.025395038,9.594640463,7.603307911,369.1111406,313.15,0.037045993,-0.037045993,3.71E-05,2996.044069,0.038709667,67.42175232,11656.5
0.037864347,9.280517555,7.865394391,381.7647915,313.15,0.05523608,-0.05523608,5.52E-05,4467.142446,0.031674997,68.60775056,17380
11.54192116,9.496407944,8.000618627,381.8107991,313.15,16.83722358,-16.83722358,0.016839241,1361687.445,0.017395166,68.65718017,5297822.508
0.033860051,9.269202559,7.876913679,381.8207535,313.15,0.049394658,-0.049394658,4.94E-05,3994.725425,0.033369291,68.65276502,15542
0.537569154,8.187983465,8.987968798,381.6653099,313.15,0.78419978,-0.78419978,0.000784294,63421.08545,0.018357293,68.95010165,246748.0002
1.224688317,9.242821838,7.912250702,382.4846624,313.15,1.786561416,-1.786561416,0.001786776,144485.7128,0.017791116,67.24280079,562140.5
0.04632936,9.288641601,7.856720523,381.8727946,313.15,0.067584744,-0.067584744,6.76E-05,5465.823802,0.029057288,68.74203811,21265.5
0.315115025,9.764605602,7.316307108,382.780229,313.15,0.459686222,-0.459686222,0.000459741,37176.49497,0.019069683,68.65503612,144639.9998
0.050790076,8.374400532,8.79252611,381.6604759,313.15,0.074091986,-0.074091986,7.41E-05,5992.088138,0.028028916,66.09239493,23313
0.042325063,9.294819149,7.8503662,381.850757,313.15,0.061743322,-0.061743322,6.18E-05,4993.406782,0.030165066,68.59473405,19427.5
0.033860051,9.187701401,7.963299974,381.5158891,313.15,0.049394658,-0.049394658,4.94E-05,3994.725425,0.033369291,66.98705815,15542
0.591181627,9.701882192,7.367677825,382.8684348,313.15,0.862409047,-0.862409047,0.000862512,69746.153,0.018265779,69.03169617,271356.5
0.042325063,9.243846877,7.903808299,381.7427823,313.15,0.061743322,-0.061743322,6.18E-05,4993.406782,0.030165066,66.82783294,19427.5
0.036826236,9.550229219,7.664617017,379.9300177,313.15,0.053721695,-0.053721695,5.37E-05,4344.668668,0.032078863,68.72256774,16903.4998
0.047967679,9.534584419,7.674504474,380.1429819,313.15,0.069974706,-0.069974706,7.00E-05,5659.108724,0.028657367,68.40712918,22017.50018
0.04632936,9.622859683,7.450736889,382.2895143,313.15,0.067584744,-0.067584744,6.76E-05,5465.823802,0.029057288,69.05805029,21265.5
0.291358307,9.479413636,7.732015076,379.998179,313.15,0.425030191,-0.425030191,0.000425081,34373.73582,0.019210052,68.75353293,133735.5
0.305465936,9.478356659,7.733135872,379.9982377,313.15,0.44561024,-0.44561024,0.000445664,36038.11912,0.019124063,69.11207964,140211.0002
0.413872781,9.488238965,7.722434778,380.0316001,313.15,0.603752915,-0.603752915,0.000603825,48827.69183,0.018658897,68.99322488,189970.5
0.419515397,9.57382919,7.502595069,381.9852112,313.15,0.611984299,-0.611984299,0.000612058,49493.39377,0.018641267,68.58987985,192560.5002
0.409412064,9.083452132,8.070952956,382.3730581,313.15,0.597245673,-0.597245673,0.000597317,48301.4275,0.018673178,69.0270382,187923
0.353435792,9.08346512,8.070939533,382.3729705,313.15,0.515588122,-0.515588122,0.00051565,41697.48473,0.01888303,68.80592091,162229.4998
0.050790076,9.185579877,7.96592386,381.4592471,313.15,0.074091986,-0.074091986,7.41E-05,5992.088138,0.028028916,68.36134157,23313
0.037864347,9.514988099,7.695012803,379.9645908,313.15,0.05523608,-0.05523608,5.52E-05,4467.142446,0.031674997,68.44713702,17380
0.234925615,9.578002922,7.498263664,382.0636042,313.15,0.342706821,-0.342706821,0.000342748,27715.94574,0.019657305,68.44362394,107832.4998
0.025395038,9.625111516,7.447963055,382.3837658,313.15,0.037045993,-0.037045993,3.71E-05,2996.044069,0.038709667,69.7438696,11656.5
0.029399334,9.610098864,7.463596354,382.3427535,313.15,0.042887415,-0.042887415,4.29E-05,3468.46109,0.035800153,68.71367078,13494.5
0.071724398,9.467540875,7.665265163,382.6790633,313.15,0.104630737,-0.104630737,0.000104643,8461.867871,0.024911507,55.96114063,32922
0.033860051,9.624214424,7.449058493,382.3303433,313.15,0.049394658,-0.049394658,4.94E-05,3994.725425,0.033369291,68.61479146,15542
0.219633909,9.620334941,7.453033557,382.5116265,313.15,0.320399454,-0.320399454,0.000320438,25911.86795,0.019818076,68.66079911,100813.5
0.083011807,9.59931481,7.475024618,382.1881357,313.15,0.121096682,-0.121096682,0.000121111,9793.528642,0.023883093,68.6707535,38102.99982
0.340510063,9.211542114,7.937430477,381.8552533,313.15,0.496732216,-0.496732216,0.000496792,40172.53904,0.018941293,68.51530992,156296.4998
0.530744638,9.705687179,7.363612414,382.7891671,313.15,0.774244255,-0.774244255,0.000774337,62615.9459,0.018370269,69.3346624,243615.4998
0.033860051,9.596169691,7.478717369,381.9341951,313.15,0.049394658,-0.049394658,4.94E-05,3994.725425,0.033369291,68.7227946,15542
0.38165105,9.504984162,7.705158937,380.0555246,313.15,0.55674822,-0.55674822,0.000556815,45026.25133,0.018769558,69.63022905,175180.5002
0.042325063,9.596807856,7.47793046,382.2188243,313.15,0.061743322,-0.061743322,6.18E-05,4993.406782,0.030165066,68.51047595,19427.5
0.033860051,9.595808901,7.47920448,382.0830505,313.15,0.049394658,-0.049394658,4.94E-05,3994.725425,0.033369291,68.70075701,15542
0.033860051,9.622264472,7.450765918,382.4824488,313.15,0.049394658,-0.049394658,4.94E-05,3994.725425,0.033369291,68.36588912,15542
0.050790076,9.609788112,7.464103645,382.4394509,313.15,0.074091986,-0.074091986,7.41E-05,5992.088138,0.028028916,69.71843477,23313
0.025395038,9.597064977,7.477645276,382.1299647,313.15,0.037045993,-0.037045993,3.71E-05,2996.044069,0.038709667,68.59278232,11656.5
0.581534731,9.644207204,7.627714001,381.9365377,313.15,0.848336265,-0.848336265,0.000848438,68608.036,0.018281001,66.78001769,266928.5074
0.237745834,9.239922988,7.907580109,381.8770328,313.15,0.346820925,-0.346820925,0.000346862,28048.66827,0.019629913,66.99298187,109127.0002
0.029399334,9.626283025,7.446472721,382.5343454,313.15,0.042887415,-0.042887415,4.29E-05,3468.46109,0.035800153,69.1395143,13494.5
0.037864347,9.623686865,7.449744245,382.2568294,313.15,0.05523608,-0.05523608,5.52E-05,4467.142446,0.031674997,66.848179,17380
0.194238871,9.186296876,7.964729269,381.5964527,313.15,0.283353461,-0.283353461,0.000283387,22915.82388,0.020140995,66.84823772,89157
0.04632936,9.600658046,7.473370654,382.3266623,313.15,0.067584744,-0.067584744,6.76E-05,5465.823802,0.029057288,66.88160012,21265.5
0.34497078,9.291370135,7.853334312,382.1242508,313.15,0.503239458,-0.503239458,0.0005033,40698.80337,0.018920693,68.83521121,158343.9998
0.025395038,9.616882007,7.613589703,381.333978,313.15,0.037045993,-0.037045993,3.71E-05,2996.044069,0.038709667,69.2230581,11656.5
0.042325063,9.616019042,7.457444883,382.4556883,313.15,0.061743322,-0.061743322,6.18E-05,4993.406782,0.030165066,69.2229705,19427.5
0.067720101,9.256541833,7.892549926,381.4670306,313.15,0.098789315,-0.098789315,9.88E-05,7989.450851,0.025358728,68.30924707,31084
0.033860051,9.594783207,7.480591657,381.8762627,313.15,0.049394658,-0.049394658,4.94E-05,3994.725425,0.033369291,66.81459075,15542
0.025395038,9.633035828,7.439369912,382.5689198,313.15,0.037045993,-0.037045993,3.71E-05,2996.044069,0.038709667,68.91360417,11656.5
0.486417427,9.611858735,7.461711684,382.3770028,313.15,0.709580222,-0.709580222,0.000709665,57386.33061,0.018463413,69.23376577,223268.9998
0.570247305,9.379395126,7.770763811,382.6112731,313.15,0.831870296,-0.831870296,0.00083197,67276.37327,0.018299465,69.19275348,261747.5
0.025395038,9.597342688,7.477350111,382.1127146,313.15,0.037045993,-0.037045993,3.71E-05,2996.044069,0.038709667,69.5290633,11656.5
0.444910435,8.814936877,8.348347229,381.8717649,313.15,0.649030292,-0.649030292,0.000649108,52489.43784,0.018567458,69.18034332,204217.0002
0.050790076,9.623221883,7.449964611,382.5056778,313.15,0.074091986,-0.074091986,7.41E-05,5992.088138,0.028028916,69.36162652,23313
0.033860051,9.595288658,7.479900891,381.9807049,313.15,0.049394658,-0.049394658,4.94E-05,3994.725425,0.033369291,69.0381357,15542
0.054794372,9.59567214,7.479253393,382.1554934,313.15,0.079933408,-0.079933408,7.99E-05,6464.505159,0.027248382,68.70525325,25151
0.558959879,9.530874729,7.605940401,382.9724856,313.15,0.815404327,-0.815404327,0.000815502,65944.71053,0.018318675,69.63916712,256566.4926
0.237745834,8.609708997,8.551474126,382.23672,313.15,0.346820925,-0.346820925,0.000346862,28048.66827,0.019629913,68.78419505,109127.0002
0.050790076,9.283671619,7.862929155,381.6734522,313.15,0.074091986,-0.074091986,7.41E-05,5992.088138,0.028028916,66.90552461,23313
0.668548624,9.482531079,7.728529168,379.7926044,313.15,0.975271144,-0.975271144,0.000975388,78873.72085,0.018159589,69.06882432,306868.4926
2.899475425,9.34085573,7.809980125,382.711665,313.15,4.229721841,-4.229721841,0.004230229,342072.973,0.01753526,68.9330505,1330879.492
0.04632936,9.624112201,7.449143258,382.4551942,313.15,0.067584744,-0.067584744,6.76E-05,5465.823802,0.029057288,69.33244876,21265.5
0.04632936,9.643776673,7.428091053,380.7681057,313.15,0.067584744,-0.067584744,6.76E-05,5465.823802,0.029057288,69.28945091,21265.5
0.2083465,9.42201314,7.717312715,382.6019141,313.15,0.303933509,-0.303933509,0.00030397,24580.20718,0.019951886,68.97996472,95632.50018
0.384473446,9.611205451,7.462931169,380.3966158,313.15,0.5608655,-0.5608655,0.000560933,45359.23074,0.018759124,68.78653765,176476
0.384473446,8.464859209,8.70088623,381.5863859,313.15,0.5608655,-0.5608655,0.000560933,45359.23074,0.018759124,68.72703278,176476
0.037864347,8.407911927,8.757477241,380.2797073,313.15,0.05523608,-0.05523608,5.52E-05,4467.142446,0.031674997,69.38434535,17380
0.261958973,9.582391879,7.600116687,382.5538591,313.15,0.382142776,-0.382142776,0.000382189,30905.27473,0.019419009,69.10682945,120241
0.346152679,9.642604464,7.429639246,382.6503443,313.15,0.5049636,-0.5049636,0.000505024,40838.24098,0.018915324,68.44645273,158886.5
0.474309769,9.409972626,7.730612746,382.087813,313.15,0.691917708,-0.691917708,0.000692001,55957.89893,0.018491882,69.17666225,217711.5002
0.356330077,9.418655503,7.721336201,382.1563406,313.1410679,0.519810272,-0.519810272,0.000519873,42038.94532,0.018870563,68.97425078,163557.9968
0.223638206,9.18178024,7.970173465,382.511324,313.15,0.326240876,-0.326240876,0.00032628,26384.28497,0.019773852,68.18397799,102651.5
0.754382861,9.574122129,7.501403599,380.5215759,313.15,1.100485155,-1.100485155,0.001100617,89000.23283,0.018067264,69.30568831,346267.0074
0.042325063,9.645959551,7.426079733,382.6360675,313.15,0.061743322,-0.061743322,6.18E-05,4993.406782,0.030165066,68.31703061,19427.5
0.04632936,9.582227947,7.625451611,380.2705376,313.15,0.067584744,-0.067584744,6.76E-05,5465.823802,0.029057288,68.72626272,21265.5
0.318923254,9.627832243,7.446064364,379.2572486,313.15,0.465241623,-0.465241623,0.000465297,37625.78043,0.019049127,69.41891983,146388.0035
2.224100092,9.605384598,7.622013328,381.23989,313.15,3.24449197,-3.24449197,0.003244881,262393.8537,0.017592073,69.22700282,1020877.492
0.233741538,9.603803759,7.470320058,382.2655886,313.15,0.340979503,-0.340979503,0.00034102,27576.25125,0.019669003,69.46127314,107289.0002
0.609293535,9.482652905,7.728422271,379.9469487,313.15,0.888830493,-0.888830493,0.000888937,71882.95136,0.018238501,68.96271458,279669.9926
0.037864347,9.649112565,7.422878539,382.6131364,313.15,0.05523608,-0.05523608,5.52E-05,4467.142446,0.031674997,68.72176493,17380
0.111227064,9.13019004,8.024385199,382.354573,313.15,0.162256779,-0.162256779,0.000162276,13122.29524,0.022225361,69.3556778,51054.00018
0.033860051,9.583100144,7.521336202,378.7050407,313.15,0.049394658,-0.049394658,4.94E-05,3994.725425,0.033369291,68.83070488,15542
0.92768741,9.391937523,7.748371968,382.6220413,313.15,1.353299865,-1.353299865,0.001353462,109446.277,0.017932927,69.00549344,425815.0074
0.408230165,9.566885326,7.510341761,381.9294943,313.15,0.595521531,-0.595521531,0.000595593,48161.98989,0.018677014,69.82248563,187380.4998
0.180131243,9.817839254,7.287251045,381.8180279,313.15,0.262773412,-0.262773412,0.000262805,21251.44058,0.020359726,69.08671996,82681.49982
0.033860051,9.301208587,7.843052019,381.9860809,313.15,0.049394658,-0.049394658,4.94E-05,3994.725425,0.033369291,68.52345217,15542
0.033860051,9.299368872,7.845584028,381.5283716,313.15,0.049394658,-0.049394658,4.94E-05,3994.725425,0.033369291,66.64260443,15542
0.370365818,9.605165024,7.469725326,381.7816655,313.15,0.540285451,-0.540285451,0.00054035,43694.84744,0.018812869,69.56166502,170000.4998
0.34497078,8.197828536,8.977862119,381.612054,313.15,0.503239458,-0.503239458,0.0005033,40698.80337,0.018920693,69.30519423,158343.9998
0.233741538,8.205604858,8.969505263,381.4812334,313.15,0.340979503,-0.340979503,0.00034102,27576.25125,0.019669003,67.6181057,107289.0002
0.054794372,8.22628007,8.947818404,381.7119055,313.15,0.079933408,-0.079933408,7.99E-05,6464.505159,0.027248382,69.45191407,25151
0.59236351,9.562630682,7.650102481,380.69998,313.15,0.864133165,-0.864133165,0.000864237,69885.58864,0.018263948,67.24661576,271898.9926
0.063259385,9.270849109,7.87609483,381.8694063,313.15,0.092282073,-0.092282073,9.23E-05,7463.186515,0.025923591,68.43638587,29036.5
0.033860051,9.279428911,7.866792021,381.8172,313.15,0.049394658,-0.049394658,4.94E-05,3994.725425,0.033369291,67.12970729,15542
0.153552128,9.633227563,7.439306181,382.5842445,313.15,0.224000101,-0.224000101,0.000224027,18115.70202,0.020881012,69.40385909,70481.50018
0.033860051,9.261929071,7.886127895,381.7225453,313.15,0.049394658,-0.049394658,4.94E-05,3994.725425,0.033369291,69.50034432,15542
0.037864347,9.617547755,7.479315561,382.6394238,313.15,0.05523608,-0.05523608,5.52E-05,4467.142446,0.031674997,68.93781299,17380
0.359078408,9.573451352,7.604803429,382.5576059,313.15,0.523819507,-0.523819507,0.000523882,42363.18667,0.018858911,69.00634062,164819.5
0.037864347,9.641340134,7.431313317,381.7464675,313.15,0.05523608,-0.05523608,5.52E-05,4467.142446,0.031674997,69.36132402,17380
0.234925615,9.570204476,7.509208006,379.5901794,313.15,0.342706821,-0.342706821,0.000342748,27715.94574,0.019657305,67.37157594,107832.4998
0.139662357,8.464445081,8.701834417,381.9171352,313.15,0.203737862,-0.203737862,0.000203762,16477.02111,0.021232362,69.48606745,64105.99847
2.139449965,9.589441029,7.562906976,383.0538857,313.15,3.121005326,-3.121005326,0.003121379,252407.0401,0.017601724,67.12053762,982022.4922
0.442090215,9.614926665,7.458491372,382.3480725,313.15,0.644916188,-0.644916188,0.000644993,52156.71531,0.018575236,66.10724858,202922.4998
0.544852267,9.139933155,8.012819393,382.4976251,313.15,0.794824303,-0.794824303,0.00079492,64280.3292,0.018343804,68.08988998,250091
0.745917848,9.448340934,7.764503586,380.4784436,313.15,1.08813649,-1.08813649,0.001088267,88001.55147,0.018075425,69.11558858,342381.5074
0.479954562,9.505255006,7.606907676,382.5776933,313.15,0.700152268,-0.700152268,0.000700236,56623.85776,0.018478431,66.79694873,220302.4998
0.122514474,9.306113073,7.846458511,382.3997842,313.15,0.178722724,-0.178722724,0.000178744,14453.95601,0.021776019,69.46313637,56235
0.485597178,9.558800051,7.519542197,380.0688113,313.15,0.708383652,-0.708383652,0.000708469,57289.5597,0.018465297,69.20457302,222892.5
0.025395038,9.64182169,7.43077656,379.8287969,313.15,0.037045993,-0.037045993,3.71E-05,2996.044069,0.038709667,65.55504068,11656.5
0.294180704,9.307544429,7.844819033,382.3152353,313.15,0.429147472,-0.429147472,0.000429199,34706.71524,0.019192189,69.47204133,135030.9998
0.359078408,9.586765041,7.621203507,380.5973164,313.15,0.523819507,-0.523819507,0.000523882,42363.18667,0.018858911,68.77949426,164819.5
0.261958973,9.580588909,7.598661037,382.5628405,313.15,0.382142776,-0.382142776,0.000382189,30905.27473,0.019419009,68.66802787,120241
0.323580038,9.432246618,7.706685182,382.7432862,313.15,0.472034887,-0.472034887,0.000472091,38175.17633,0.019024647,68.83608087,148525.4998
0.294180704,9.136953626,8.01660624,382.0507986,313.15,0.429147472,-0.429147472,0.000429199,34706.71524,0.019192189,68.37837155,135030.9998
0.209094852,9.709472921,7.360023033,382.1334872,313.15,0.305025197,-0.305025197,0.000305062,24668.49592,0.019942567,68.63166555,95975.99905
0.037864347,9.623024864,7.450622846,382.1634366,313.15,0.05523608,-0.05523608,5.52E-05,4467.142446,0.031674997,68.46205397,17380
2.941800488,9.584777469,7.595418157,382.5880536,313.15,4.291465163,-4.291465163,0.004291979,347066.3797,0.017532568,68.33123338,1350306.992
0.062077485,9.480937871,7.669724734,382.2180518,313.15,0.090557931,-0.090557931,9.06E-05,7323.748909,0.026086859,68.56190554,28493.99982
0.237745834,9.703340139,7.36665585,382.7524046,313.15,0.346820925,-0.346820925,0.000346862,28048.66827,0.019629913,67.54998001,109127.0002
0.350613396,8.574258324,8.587517796,382.2062205,313.15,0.511470842,-0.511470842,0.000511532,41364.50532,0.018895385,68.71940626,160934
0.634688573,9.55299956,7.610944372,382.4163156,313.15,0.925876487,-0.925876487,0.000925987,74878.99543,0.018202878,68.66720003,291326.4926
0.376008434,9.592766685,7.481876259,382.3221827,313.15,0.548516835,-0.548516835,0.000548583,44360.54939,0.018790889,69.43424449,172590.5
0.287354011,9.303176654,7.849661253,382.2761159,313.15,0.419188769,-0.419188769,0.000419239,33901.3188,0.019235997,68.57254529,131897.5
0.591181627,9.593474083,7.480714793,382.4929915,313.15,0.862409047,-0.862409047,0.000862512,69746.153,0.018265779,69.48942382,271356.5
0.245028947,9.5811565,7.599443114,382.5539644,313.15,0.357445447,-0.357445447,0.000357488,28907.91202,0.019562092,69.4076059,112470
0.347790999,9.565279526,7.605331819,382.4970269,313.15,0.507353562,-0.507353562,0.000507414,41031.5259,0.018907941,68.59646749,159638.5002
0.088654423,9.488033402,7.661350105,382.5838139,313.15,0.129328066,-0.129328066,0.000129344,10459.23058,0.023467162,66.44017943,40693
0.843037284,9.603701055,7.656714326,381.7164187,313.15,1.229813221,-1.229813221,0.001229961,99459.46341,0.017991643,68.76713516,386960.0074
0.608111652,9.542303505,7.625068585,382.437624,313.15,0.887106376,-0.887106376,0.000887213,71743.51571,0.018240232,69.90388573,279127.5
0.408230165,9.435624011,7.778148563,380.3821475,313.15,0.595521531,-0.595521531,0.000595593,48161.98989,0.018677014,69.19807254,187380.4998
0.237745834,9.660152972,7.429915918,383.0263039,313.15,0.346820925,-0.346820925,0.000346862,28048.66827,0.019629913,69.34762509,109127.0002
0.2083465,9.608589744,7.465624847,382.3307028,313.15,0.303933509,-0.303933509,0.00030397,24580.20718,0.019951886,67.32844356,95632.50018
0.468667153,9.297752929,7.855208141,382.2992207,313.15,0.683686323,-0.683686323,0.000683768,55292.19699,0.018505652,69.42769326,215121.5
0.520639129,9.367859711,7.785314451,381.0263395,313.15,0.759502452,-0.759502452,0.000759593,61423.72273,0.018390108,69.2497842,238977.0002
0.389659642,9.372483529,7.780306428,380.8855636,313.15,0.568431064,-0.568431064,0.000568499,45971.08537,0.018740345,66.91881133,178856.5002
0.444910435,9.573237628,7.635489344,380.4844086,313.15,0.649030292,-0.649030292,0.000649108,52489.43784,0.018567458,66.67879691,204217.0002
0.577074015,9.372930866,7.779780048,381.7116774,313.15,0.841829023,-0.841829023,0.00084193,68081.77166,0.018288211,69.16523532,264881.0074
0.047967679,9.424351397,7.726103984,382.4995806,313.15,0.069974706,-0.069974706,7.00E-05,5659.108724,0.028657367,67.44731645,22017.50018
0.46020214,9.179661619,7.971076312,381.8270534,313.15,0.671337659,-0.671337659,0.000671418,54293.51563,0.018526943,69.41284054,211236
0.249033244,9.368927789,7.784137702,380.5437611,313.15,0.363286869,-0.363286869,0.00036333,29380.32904,0.019526493,69.59328618,114308
0.37883083,9.368168479,7.784969158,381.1686238,313.15,0.552634116,-0.552634116,0.0005527,44693.5288,0.01878014,68.90079861,173885.9998
0.187412178,9.305660616,7.846924612,382.2634369,313.15,0.273394759,-0.273394759,0.000273428,22110.42745,0.020242727,68.98348724,86023.50018
1.086425734,9.370444382,7.782437867,381.6544403,313.15,1.58486553,-1.58486553,0.001585055,128173.8336,0.017847487,69.01343657,498677.0078
1.077960688,9.368232783,7.784739444,381.8354236,313.15,1.572516817,-1.572516817,0.001572705,127175.1483,0.017851408,69.43805359,494791.4926
0.544852267,9.36926164,7.783679714,381.8030441,313.15,0.794824303,-0.794824303,0.00079492,64280.3292,0.018343804,69.06805181,250091
0.259136576,9.478839243,7.67158201,382.2622387,313.15,0.378025496,-0.378025496,0.000378071,30572.29532,0.019441564,69.60240463,118945.5002
0.357440089,9.478688668,7.671744949,382.2613557,313.15,0.521429544,-0.521429544,0.000521492,42169.90175,0.018865835,69.05622054,164067.4998
0.478770485,9.422043486,7.727397423,382.680895,313.15,0.69842495,-0.69842495,0.000698509,56484.16327,0.018481226,69.26631557,219759.0002
0.246210847,9.298776186,7.85471402,382.0389232,313.15,0.359169589,-0.359169589,0.000359213,29047.34963,0.019551464,69.17218267,113012.5002
0.463024537,9.319312898,7.836460283,381.3129501,313.15,0.675454939,-0.675454939,0.000675536,54626.49505,0.018519758,69.12611586,212531.4998
1.401997163,9.386346247,7.76592049,381.97995,313.15,2.045217548,-2.045217548,0.002045463,165404.1739,0.017735096,69.34299155,643526.5
0.249033244,9.379356137,7.773175297,382.0466313,313.15,0.363286869,-0.363286869,0.00036333,29380.32904,0.019526493,69.40396436,114308
0.811997419,9.372828441,7.779860538,382.007367,313.15,1.184532619,-1.184532619,0.001184675,95797.45659,0.018016241,69.34702691,372712.4926
0.025395038,9.613045442,7.484932619,381.9863007,313.15,0.037045993,-0.037045993,3.71E-05,2996.044069,0.038709667,69.4338139,11656.5
0.225276525,9.317819853,7.834024914,382.3753202,313.15,0.328630838,-0.328630838,0.00032867,26577.56989,0.019756211,68.5664187,103403.5002
2.208351983,9.48574677,7.675423549,382.2219988,313.15,3.221518807,-3.221518807,0.003221905,260535.9306,0.017593813,69.28762405,1013649
0.936152423,9.536218363,7.626814222,382.3083568,313.15,1.365648529,-1.365648529,0.001365812,110444.9583,0.017927639,67.23214749,429700.5074
0.12533687,9.365249781,7.787956461,381.9341054,313.15,0.182840004,-0.182840004,0.000182862,14786.93542,0.02167631,69.87630395,57530.49982
0.322395961,9.663237831,7.427949135,383.0594035,313.15,0.470307569,-0.470307569,0.000470364,38035.48183,0.019030805,69.18070283,147982.0002
0.17330455,9.583134312,7.494514509,379.2767968,313.15,0.25281471,-0.25281471,0.000252845,20446.04415,0.020478355,69.14922066,79548
0.382835127,9.640041644,7.432938419,380.2068999,313.15,0.558475538,-0.558475538,0.000558542,45165.94582,0.018765162,67.87633945,175723.9998
0.291358307,9.302078027,7.850929835,382.1243088,313.15,0.425030191,-0.425030191,0.000425081,34373.73582,0.019210052,67.7355636,133735.5
0.439267819,9.12524313,8.028772056,382.4350281,313.15,0.640798908,-0.640798908,0.000640876,51823.7359,0.018583121,67.33440856,201627
0.475950266,9.538933352,7.625940529,382.3966921,313.15,0.694310846,-0.694310846,0.000694394,56151.44074,0.01848794,68.56167744,218464.4998
0.999411808,8.557227604,8.605557061,382.0972159,313.15,1.457930602,-1.457930602,0.001458105,117908.1448,0.017890961,69.34958058,458737.0074
0.12651877,9.590274123,7.617601804,380.4955838,313.15,0.184564146,-0.184564146,0.000184586,14926.37303,0.021635878,68.67705339,58073
0.567424892,9.58492882,7.633867492,380.2664289,313.15,0.827752992,-0.827752992,0.000827852,66943.39189,0.018304197,67.39376105,260451.9926
0.211168897,9.419387224,7.720582114,382.4662422,313.15,0.30805079,-0.30805079,0.000308088,24913.18659,0.019917086,68.01862379,96928
0.605289239,9.583373507,7.491984471,381.6205803,313.15,0.882989071,-0.882989071,0.000883095,71410.53434,0.018244392,69.11343689,277831.9926
0.408230165,9.585286242,7.491294827,380.1719491,313.15,0.595521531,-0.595521531,0.000595593,48161.98989,0.018677014,68.50444027,187380.4998
0.029399334,9.615207124,7.482134576,382.2786516,313.15,0.042887415,-0.042887415,4.29E-05,3468.46109,0.035800153,68.6854236,13494.5
0.016930025,9.615908009,7.481249502,382.2445318,313.15,0.024697329,-0.024697329,2.47E-05,1997.362713,0.049390418,68.65304406,7771
0.029399334,9.614016856,7.483565125,382.1207214,313.15,0.042887415,-0.042887415,4.29E-05,3468.46109,0.035800153,69.11223869,13494.5
0.232103218,9.302836274,7.850101921,382.2610609,313.15,0.338589541,-0.338589541,0.00033863,27382.96633,0.019685385,69.1113557,106537
0.706412971,9.862958788,7.181359853,383.1144109,313.15,1.030507224,-1.030507224,0.001030631,83340.8633,0.018116096,69.53089503,324248.4926
0.337687667,9.590610583,7.618762562,380.6846159,313.15,0.492614935,-0.492614935,0.000492674,39839.55962,0.018954609,68.88892324,155001
0.297000923,9.91118354,7.116713844,383.1179216,313.15,0.433261575,-0.433261575,0.000433314,35039.43776,0.019174679,68.16295014,136325.5002
0.293288567,9.632539656,7.440500933,382.4752602,313.15,0.427846033,-0.427846033,0.000427897,34601.46315,0.019197798,68.82994996,134621.5029
0.3722939,9.631025702,7.441644658,382.5984005,313.15,0.543098116,-0.543098116,0.000543163,43922.31789,0.018805283,68.89663126,170885.5032
0.090292743,9.973011566,7.035516015,383.1471816,312.9265592,0.131718028,-0.131718028,0.000131734,10652.51551,0.023356136,68.85736702,41445.00018
0.456197844,9.002082818,8.154951887,382.0923302,313.15,0.665496237,-0.665496237,0.000665576,53821.09861,0.01853729,68.83630065,209398
0.180131243,9.492678444,7.718518439,379.1129074,313.15,0.262773412,-0.262773412,0.000262805,21251.44058,0.020359726,69.22532016,82681.49982
0.675831753,9.430746818,7.782762848,380.4883696,313.15,0.985895691,-0.985895691,0.000986014,79732.96656,0.018150844,69.07199878,310211.5
0.282893294,9.578912711,7.498675658,379.94914,313.15,0.412681527,-0.412681527,0.000412731,33375.05447,0.019265765,69.15835681,129850
0.346152679,9.384467068,7.756465403,382.3778521,313.15,0.5049636,-0.5049636,0.000505024,40838.24098,0.018915324,68.78410543,158886.5
0.242206551,9.214808509,7.936830935,382.4507885,313.15,0.353328167,-0.353328167,0.000353371,28574.9326,0.019587891,69.90940353,111174.5002
0.478770485,9.786594248,7.339714407,382.9856886,313.15,0.69842495,-0.69842495,0.000698509,56484.16327,0.018481226,66.1267968,219759.0002
0.50816982,9.365658655,7.787050178,382.2104245,313.15,0.741312365,-0.741312365,0.000741401,59952.62436,0.018415675,67.05689988,233253.5002
2.630689776,9.406257962,7.757507057,382.1094695,313.15,3.837620386,-3.837620386,0.00383808,310362.3038,0.017554376,68.97430882,1207505
0.364721024,9.333546327,7.82187077,381.6200639,313.15,0.532050891,-0.532050891,0.000532115,43028.88861,0.018835538,69.28502809,167409.5002
0.638257153,8.93463494,8.220340406,382.4069808,313.15,0.93108229,-0.93108229,0.000931194,75300.00768,0.018198099,69.24669213,292964.4956
0.38165105,9.598225126,7.475938989,382.3844935,313.15,0.55674822,-0.55674822,0.000556815,45026.25133,0.018769558,68.94721588,175180.5002
0.422337793,9.512277913,7.698024515,380.5807255,313.15,0.616101579,-0.616101579,0.000616175,49826.37319,0.018632626,67.34558383,193856
0.290176407,9.547560569,7.625708053,382.4425758,313.15,0.42330605,-0.42330605,0.000423357,34234.29822,0.019217635,67.11642887,133192.9998
1.618808692,9.542551904,7.632546997,382.5187297,313.15,2.361499746,-2.361499746,0.002361783,190983.0644,0.017683273,69.31624219,743044.5078
0,9.543726813,7.631338839,,,0,0,0,0,0.017348165,0,0
0.270423985,9.580955044,7.597245953,382.5404283,313.15,0.394491441,-0.394491441,0.000394539,31903.95609,0.019354186,68.47058032,124126.5
0.400947052,9.42368026,7.729962332,381.9537908,313.15,0.584897008,-0.584897008,0.000584967,47302.74614,0.018701152,67.02194905,184037.5
0.398124655,9.213280664,7.938312472,382.4853159,313.15,0.580779728,-0.580779728,0.000580849,46969.76672,0.018710744,69.12865161,182742.0002
0.188596255,9.213329512,7.938264634,382.4726715,313.15,0.275122077,-0.275122077,0.000275155,22250.12194,0.020224554,69.09453176,86566.99982
0.025395038,9.613344592,7.484520792,382.0808056,313.15,0.037045993,-0.037045993,3.71E-05,2996.044069,0.038709667,68.9707214,11656.5
0.268785666,9.083494742,8.070603731,382.4114204,313.15,0.392101478,-0.392101478,0.000392148,31710.67117,0.019366413,69.11106087,123374.4998
0.459020241,9.1397912,8.013346422,382.3153778,313.15,0.669613517,-0.669613517,0.000669694,54154.07803,0.018529978,69.96441085,210693.4998
0.154736205,9.82309312,7.281040838,382.4421129,313.15,0.225727419,-0.225727419,0.000225754,18255.39651,0.020853978,67.53461591,71024.99982
0.142266896,8.893844095,8.265517388,381.036479,313.15,0.207537333,-0.207537333,0.000207562,16784.29814,0.021161253,69.96792156,65301.49982
0.033860051,9.60340241,7.47032308,382.4675756,313.15,0.049394658,-0.049394658,4.94E-05,3994.725425,0.033369291,69.32526021,15542
0.322395961,9.319545889,7.832229623,382.4413628,313.15,0.470307569,-0.470307569,0.000470364,38035.48183,0.019030805,69.44840051,147982.0002
0.242206551,9.423362186,7.727138224,382.5563687,313.15,0.353328167,-0.353328167,0.000353371,28574.9326,0.019587891,69.99718156,111174.5002
0.619399078,9.422325783,7.728234882,382.5636423,313.15,0.903572345,-0.903572345,0.000903681,73075.17844,0.018223976,68.94233016,284308.5074
0.020934322,9.448953509,7.68814695,376.9633494,313.15,0.030538751,-0.030538751,3.05E-05,2469.779733,0.043261407,65.96290737,9609
0.029399334,9.448896114,7.688224229,378.8609505,313.15,0.042887415,-0.042887415,4.29E-05,3468.46109,0.035800153,67.33836959,13494.5
0.020934322,9.448841022,7.688305651,378.3897305,313.15,0.030538751,-0.030538751,3.05E-05,2469.779733,0.043261407,66.79914001,9609
0.037864347,9.448840952,7.688305742,378.887986,313.15,0.05523608,-0.05523608,5.52E-05,4467.142446,0.031674997,69.22785209,17380
0.037864347,9.446467259,7.690870019,380.9321203,313.15,0.05523608,-0.05523608,5.52E-05,4467.142446,0.031674997,69.30078853,17380
0.033860051,9.446467698,7.690869167,381.1954519,313.15,0.049394658,-0.049394658,4.94E-05,3994.725425,0.033369291,69.83568864,15542
0.020934322,9.444925595,7.692605034,379.3279381,313.15,0.030538751,-0.030538751,3.05E-05,2469.779733,0.043261407,69.0604245,9609
0.016930025,9.444925591,7.692605078,378.3632395,313.15,0.024697329,-0.024697329,2.47E-05,1997.362713,0.049390418,68.95946953,7771
0.020934322,9.626615043,7.469044596,382.4689112,313.15,0.030538751,-0.030538751,3.05E-05,2469.779733,0.043261407,68.47006386,9609
0.042325063,9.624370448,7.471730843,382.8087985,313.15,0.061743322,-0.061743322,6.18E-05,4993.406782,0.030165066,69.25698079,19427.5
0.029399334,9.625580996,7.470121891,382.8948706,313.15,0.042887415,-0.042887415,4.29E-05,3468.46109,0.035800153,69.23449351,13494.5
0.181769562,9.759421863,7.321745922,381.6366787,313.15,0.265163374,-0.265163374,0.000265195,21444.7255,0.020332582,67.43072552,83433.5
1.476543941,9.755190012,7.326069473,382.8289878,313.15,2.153965542,-2.153965542,0.002154224,174199.0193,0.017715561,69.29257575,677743.9922
0.353435792,9.569650446,7.553793514,383.0076101,313.15,0.515588122,-0.515588122,0.00051565,41697.48473,0.01888303,69.36872973,162229.4998
0.037864347,9.445137047,7.692382092,382.2199447,313.15,0.05523608,-0.05523608,5.52E-05,4467.142446,0.031674997,-20,17380
0.037864347,9.445135643,7.692384724,381.7692028,313.15,0.05523608,-0.05523608,5.52E-05,4467.142446,0.031674997,69.39042826,17380
0.033860051,9.443884615,7.693823846,381.3085532,313.15,0.049394658,-0.049394658,4.94E-05,3994.725425,0.033369291,68.80379078,15542
0.016930025,9.447430152,7.68980565,380.2961957,313.15,0.024697329,-0.024697329,2.47E-05,1997.362713,0.049390418,69.33531592,7771
0.025395038,9.448795064,7.688303304,381.4679634,313.15,0.037045993,-0.037045993,3.71E-05,2996.044069,0.038709667,69.32267152,11656.5
0.016930025,9.448975761,7.688116563,380.8420328,313.15,0.024697329,-0.024697329,2.47E-05,1997.362713,0.049390418,68.93080564,7771
0.016930025,9.448836252,7.688314564,376.5727832,313.15,0.024697329,-0.024697329,2.47E-05,1997.362713,0.049390418,69.26142041,7771
0.020934322,9.448835814,7.688315582,374.9158007,313.15,0.030538751,-0.030538751,3.05E-05,2469.779733,0.043261407,69.16537779,9609
0.025395038,9.448837198,7.688312455,378.0835278,313.15,0.037045993,-0.037045993,3.71E-05,2996.044069,0.038709667,69.2921129,11656.5
0.020934322,9.448841202,7.68830476,379.0308816,313.15,0.030538751,-0.030538751,3.05E-05,2469.779733,0.043261407,67.88647901,9609
0.025395038,9.448850087,7.688291325,376.2537985,313.15,0.037045993,-0.037045993,3.71E-05,2996.044069,0.038709667,69.31757561,11656.5
0.029399334,9.448884071,7.688240864,379.0829945,313.15,0.042887415,-0.042887415,4.29E-05,3468.46109,0.035800153,69.29136285,13494.5
0.020934322,9.448888418,7.688233993,380.5763989,313.15,0.030538751,-0.030538751,3.05E-05,2469.779733,0.043261407,69.40636875,9609
0.020934322,9.52823029,7.58375222,379.2211772,313.15,0.030538751,-0.030538751,3.05E-05,2469.779733,0.043261407,69.41364229,9609
0.025395038,9.528229729,7.583753436,378.3298445,313.15,0.037045993,-0.037045993,3.71E-05,2996.044069,0.038709667,63.81334942,11656.5
0.025395038,9.623506087,7.472443664,382.720831,313.15,0.037045993,-0.037045993,3.71E-05,2996.044069,0.038709667,65.71095052,11656.5
0.025395038,9.622546319,7.473600833,382.749843,313.15,0.037045993,-0.037045993,3.71E-05,2996.044069,0.038709667,65.23973048,11656.5
0.008465013,9.622187404,7.473883508,377.6386304,313.15,0.012348664,-0.012348664,1.24E-05,998.6813564,0.08143267,65.73798603,3885.5
0.042325063,9.621348596,7.474886454,382.102661,313.15,0.061743322,-0.061743322,6.18E-05,4993.406782,0.030165066,67.78212028,19427.5
0.042325063,9.621201873,7.475090384,382.4572789,313.15,0.061743322,-0.061743322,6.18E-05,4993.406782,0.030165066,68.04545194,19427.5
0.012469309,9.621027855,7.47536532,379.8266251,313.15,0.018190086,-0.018190086,1.82E-05,1471.098377,0.060853074,66.17793809,5723.5
0.016930025,9.451621107,7.685267075,381.3799911,313.15,0.024697329,-0.024697329,2.47E-05,1997.362713,0.049390418,65.2132395,7771
0.351795295,9.806123033,7.248337729,382.7928659,313.15,0.513194984,-0.513194984,0.000513256,41503.94292,0.018890187,69.31891121,161476.5002
0.278888998,9.805959121,7.248541147,381.9614164,313.15,0.406840105,-0.406840105,0.000406889,32902.63744,0.019293298,69.65879846,128012
0.223638206,9.457114739,7.679398125,382.7159155,313.15,0.326240876,-0.326240876,0.00032628,26384.28497,0.019773852,69.74487057,102651.5
0.351795295,9.58335632,7.520342811,382.9666341,313.15,0.513194984,-0.513194984,0.000513256,41503.94292,0.018890187,68.48667867,161476.5002
0.016930025,9.528559272,7.583299114,379.8922078,313.15,0.024697329,-0.024697329,2.47E-05,1997.362713,0.049390418,69.67898784,7771
0.020934322,9.528458543,7.583433328,381.8330128,313.15,0.030538751,-0.030538751,3.05E-05,2469.779733,0.043261407,69.85761009,9609
0.025395038,9.613282675,7.48454499,382.0082894,313.15,0.037045993,-0.037045993,3.71E-05,2996.044069,0.038709667,69.06994472,11656.5
0.025395038,9.613282202,7.484546052,380.6065927,313.15,0.037045993,-0.037045993,3.71E-05,2996.044069,0.038709667,68.61920285,11656.5
0.357440089,9.656887527,7.436399339,383.022217,313.15,0.521429544,-0.521429544,0.000521492,42169.90175,0.018865835,68.15855323,164067.4998
0.316753345,9.628717278,7.47391868,382.9688728,313.15,0.462076185,-0.462076185,0.000462132,37369.77989,0.019060779,67.14619572,145392
0.20670818,9.628676292,7.473969991,382.7613766,313.15,0.301543547,-0.301543547,0.00030158,24386.92226,0.019972523,68.31796336,94880.5
0.220815809,9.628536431,7.474149612,381.5193393,313.15,0.322123596,-0.322123596,0.000322162,26051.30556,0.019804856,67.69203278,101356.0002
0.059255089,9.584560851,7.519356517,378.2279062,313.15,0.086440651,-0.086440651,8.65E-05,6990.769495,0.026503094,63.4227832,27198.5
0.230921319,9.48157707,7.668549331,382.265852,313.15,0.336865399,-0.336865399,0.000336906,27243.52872,0.019697347,61.76580074,105994.4998
0.268785666,9.429049042,7.710163947,382.6243245,313.15,0.392101478,-0.392101478,0.000392148,31710.67117,0.019366413,64.93352779,123374.4998
2.815281718,9.211044771,7.969560727,382.9104664,313.15,4.106901017,-4.106901017,0.004107393,332140.0067,0.017540855,65.88088163,1292233.992
0.728987823,9.629992434,7.442107246,382.8619696,313.15,1.063439162,-1.063439162,0.001063567,86004.18876,0.018092315,63.10379854,334610.5074
0.242206551,9.776776566,7.284150239,382.8465964,313.15,0.353328167,-0.353328167,0.000353371,28574.9326,0.019587891,65.93299451,111174.5002
0.434807102,9.776431629,7.284547673,382.4615156,313.15,0.634291666,-0.634291666,0.000634368,51297.47156,0.01859579,67.42639889,199579.5
0.037864347,9.615031112,7.482336793,379.5542949,313.15,0.05523608,-0.05523608,5.52E-05,4467.142446,0.031674997,66.07117718,17380
0.016930025,9.61503282,7.482333699,375.8718816,313.15,0.024697329,-0.024697329,2.47E-05,1997.362713,0.049390418,65.17984446,7771
0.033860051,9.627754274,7.467770973,382.9019553,313.15,0.049394658,-0.049394658,4.94E-05,3994.725425,0.033369291,69.570831,15542
0.037864347,9.627039516,7.468711217,382.8445604,313.15,0.05523608,-0.05523608,5.52E-05,4467.142446,0.031674997,69.59984303,17380
0.731808009,9.754642592,7.326943553,382.1391688,313.15,1.067553217,-1.067553217,0.001067681,86336.90737,0.018089447,64.48863039,335904.9926
0.159196921,9.755311177,7.326227661,381.9257102,313.15,0.232234662,-0.232234662,0.000232262,18781.66085,0.020755745,68.95266103,73072.49982
0.184591959,9.755300982,7.326241033,381.8121549,313.15,0.269280655,-0.269280655,0.000269313,21777.70492,0.020286951,69.30727889,84728.99982
0.937334306,9.54118197,7.592681085,382.9023331,313.15,1.367372647,-1.367372647,0.001367537,110584.394,0.017926909,66.67662513,430243
0.359078408,9.55388044,7.575362577,382.8792298,313.15,0.523819507,-0.523819507,0.000523882,42363.18667,0.018858911,68.22999114,164819.5
0.182951462,9.559305839,7.567919882,382.7127595,313.15,0.266887516,-0.266887516,0.00026692,21584.16311,0.020313302,69.64286593,83976.00018
0.337572197,9.574930361,7.575932391,381.439548,313.15,0.492446489,-0.492446489,0.000492506,39825.93679,0.018955158,68.8114164,154947.9986
0.67419345,9.558704057,7.599395497,382.9807629,313.15,0.983505753,-0.983505753,0.000983624,79539.6836,0.018152795,69.56591554,309459.5074
0.029399334,9.528064301,7.583983348,382.1368404,313.15,0.042887415,-0.042887415,4.29E-05,3468.46109,0.035800153,69.81663414,13494.5
0.042325063,9.455106345,7.681537671,382.5023111,313.15,0.061743322,-0.061743322,6.18E-05,4993.406782,0.030165066,66.74220776,19427.5
0.365905101,8.257720645,8.914026756,381.9734327,313.15,0.533778209,-0.533778209,0.000533842,43168.58311,0.018830725,68.68301278,167952.9998
